{
  "requireBlocksOnNewline": true,
  "requireLineFeedAtFileEnd": true,
  "disallowTrailingWhitespace": true,
  "requireParenthesesAroundIIFE": true,
  "requireSpaceAfterLineComment": true,
  "requireSpaceAfterBinaryOperators": true,
  "requireSpaceBeforeBlockStatements": true,

  "requireCurlyBraces": [
    "if",
    "else",
    "for",
    "while",
    "do",
    "case",
    "default"
  ],

  "requireSpaceAfterKeywords": [
    "do",
    "for",
    "if",
    "else",
    "switch",
    "case",
    "try",
    "catch",
    "void",
    "while",
    "with",
    "return",
    "typeof",
    "function"
  ],

  "requireSpacesInConditionalExpression": {
    "afterTest": true,
    "beforeConsequent": true,
    "afterConsequent": true,
    "beforeAlternate": true
  },

  "requireSpacesInFunction": {
    "beforeOpeningCurlyBrace": true
  },

  "maximumLineLength": {
    "value": 125,
    "allowRegex": true,
    "allowComments": true,
    "allowUrlComments":  true
  }
}
